Aaachen->Aachen
aberufen->abgerufen
abgekürtzt->abgekürzt
abgeschloßen->abgeschlossen
Abhängikeit->Abhängigkeit
Abhängkeit->Abhängigkeit
abolvieren->absolvieren
abolviert->absolviert
abschliessen->abschließen
abschliessend->abschließend
abschliessende->abschließende
abschliessenden->abschließenden
abschliessender->abschließender
abschliesst->abschließt
Absorbtion->Absorption
abzuschliessen->abzuschließen
achsial->axial
achzig->achtzig
Addresse->Adresse
addressiert->adressiert
Adjudant->Adjutant
Aeropag->Areopag
Aeropagos->Areopag
afrz->afrz.
agberufen->abgerufen
Agendas->Agenden
agerufen->abgerufen
agraisch->agrarisch
agressiv->aggressiv
akkomodieren->akkommodieren
Akkustik->Akustik
akreditiert->akkreditiert
Aktivitiäten->Aktivitäten
Aktzeptanz->Akzeptanz
alamiert->alarmiert
aler->aller
alerdings->allerdings
Algorhitmus->Algorithmus
Algoritmus->Algorithmus
aliiert->alliiert
allerding->allerdings
allgmein->allgemein
alliert->alliiert
allredings->allerdings
Alstadt->Altstadt
amerikanich->amerikanisch
amerikansch->amerikanisch
amerkanisch->amerikanisch
Amtsitz->Amtssitz
Amtsprache->Amtssprache
Amtsprachen->Amtssprachen
Anaesthesie->Anästhesie
Analen->Annalen
anderere->andere
andereren->anderen
andererer->anderer
andereseits->andererseits
andersrum->besser: andersherum
angelsächisch->angelsächsisch
angelsächsiche->angelsächsische
angelsächsichen->angelsächsischen
angesehendsten->angesehensten
anlaesslich->anlässlich
anlaeßlich->anlässlich
Annektion->Annexion
annerkannt->anerkannt
annerkannte->anerkannte
Annerkennung->Anerkennung
annuliert->annulliert
Annulierung->Annullierung
annährend->annähernd
Annährung->Annäherung
Anordung->Anordnung
Anschaung->Anschauung
anschliessen->anschließen
anschliessend->anschließend
anschliessende->anschließende
anschliessenden->anschließenden
anschliessender->anschließender
anschliessendes->anschließendes
anschliesst->anschließt
Anstoss->Anstoß
anvisiert->oft fälschlich für "angekündigt": avisiert
Anwendund->Anwendung
Anwort->Antwort
Appartment->Apartment
Appartment->Appartement
aquirieren->akquirieren
Aquisition->Akquisition
Archeologe->Archäologe
archälogische->archäologische
archälogischen->archäologischen
Argentur->Agentur
Arikel->Artikel
arithmetrisch->arithmetisch
Artzt->Arzt
assozial->asozial
asymetrisch->asymmetrisch
Atacke->Attacke
atackieren->attackieren
atakieren->attackieren
Athleth->Athlet
Athmosphäre->Atmosphäre
athmosphärisch->atmosphärisch
Atrappe->Attrappe
attakieren->attackieren
Aufassung->Auffassung
Aufassungen->Auffassungen
Aufenhalt->Aufenthalt
Aufname->Aufnahme
Auforderung->Aufforderung
Aufsteig->Aufstieg
Auftieg->Aufstieg
auftretenen->auftretenden
auftretten->auftreten
Aufällig->Auffällig
Augenlied->Augenlid
augenommen->aufgenommen
augenommen->ausgenommen
auml->Ä
auml->ä
Ausage->Aussage
Ausagen->Aussagen
auschliesslich->ausschließlich
auschliessliche->ausschließliche
auschliesslichen->ausschließlichen
auschließlich->ausschließlich
Auseinadersetzung->Auseinandersetzung
Auseindersetzung->Auseinandersetzung
auserdem->außerdem
auserhalb->außerhalb
Ausgangpunkt->Ausgangspunkt
ausgeschalten->ausgeschaltet
Ausicht->Aussicht
Ausmass->Ausmaß
Ausprache->Aussprache
Auspruch->Ausspruch
ausschliessen->ausschließen
ausschliesslich->ausschließlich
ausschliesst->ausschließt
Ausschwitz->Auschwitz
aussen->außen
Aussenminister->Außenminister
ausser->außer
ausserdem->außerdem
aussergewöhnlich->außergewöhnlich
aussergewöhnlichen->außergewöhnlichen
ausserhalb->außerhalb
ausserirdisch->außerirdisch
ausserirdische->außerirdische
ausserirdischen->außerirdischen
ausserordentlich->außerordentlich
ausserordentliche->außerordentliche
ausserordentlichem->außerordentlichem
ausserordentlichen->außerordentlichen
ausserordentlicher->außerordentlicher
ausserordentliches->außerordentliches
aussschliesslich->ausschließlich
aussschließlich->ausschließlich
Austattung->Ausstattung
Austellung->Ausstellung
Austellungen->Ausstellungen
Austerben->Aussterben
Auszeichung->Auszeichnung
Auszeichungen->Auszeichnungen
auszuschliessen->auszuschließen
authorisieren->autorisieren
authorisiert->autorisiert
Authorisierung->Autorisierung
Authorität->Autorität
außschließlich->ausschließlich
Babies->Babys
bafand->befand
Balett->Ballett
bassierend->basierend
Batallion->Bataillon
Battaillon->Bataillon
Battallion->Bataillon
Bauerhof->Bauernhof
Bauerhöfe->Bauernhöfe
bedeudend->bedeutend
bedeudende->bedeutende
bedeudenden->bedeutenden
bedeudender->bedeutender
bedeudendes->bedeutendes
bedeudet->bedeutet
bedeudete->bedeutete
bedeutendeste->bedeutendste
bedeutenste->bedeutendste
bedeutensten->bedeutendsten
bedeutenster->bedeutendster
bedeutenstes->bedeutendstes
bedeutesten->bedeutendsten
Bedinung->Bedingung/Bedienung
Bedürfniss->Bedürfnis
beeinflußen->beeinflussen
Beeinflußung->Beeinflussung
beeinhalten->beinhalten
beeinhaltet->beinhaltet
begang->begann
begang->beging
beherrbergt->beherbergt
beherschen->beherrschen
beherscht->beherrscht
beherschte->beherrschte
beidemale->beide Male
beindrucken->beeindrucken
beinflussen->beeinflussen
beinflusst->beeinflusst
Beipiel->Beispiel
Beispeil->Beispiel
beispielswiese->beispielsweise
beispielweise->beispielsweise
Beitag->Beitrag
bekammen->bekamen
Bekenntniss->Bekenntnis
Benefitz->Benefiz
bennant->benannt
Bennenung->Benennung
Berechung->Berechnung
Berfung->Berufung
Berreich->Bereich
berücksichtig->berücksichtigt
berümt->berühmt
berümte->berühmte
besass->besaß
besassen->besaßen
besitzten->besitzen
Bespiel->Beispiel
Bestandsteil->Bestandteil
Bestandtteil->Bestandteil
bestbezahltest->bestbezahlt
bestimmmt->bestimmt
bestreitete->bestritt
Betreung->Betreuung
Betriebsystem->Betriebssystem
Bevökerung->Bevölkerung
Beweiß->Beweis
bezeichent->bezeichnet
bezeichet->bezeichnet
Bezeichung->Bezeichnung
Biograpfie->Biografie
bischen->bisschen
Bischofsitz->Bischofssitz
Bisquit->Biskuit
bloss->bloß
blosse->bloße
blossen->bloßen
blosser->bloßer
blosses->bloßes
bombadieren->bombardieren
bombadiert->bombardiert
Bombadierung->Bombardierung
boolsch->boolesch
brilliant->brillant
britsch->britisch
britsche->britische
britschen->britischen
britscher->britischer
britsches->britisches
Bronzemedaillie->Bronzemedaille
Bronzemedallie->Bronzemedaille
Bundesaussenminister->Bundesaußenminister
Bundesstrasse->Bundesstraße
Bundestaat->Bundesstaat
Bundestraße->Bundesstraße
Bundsandstein->Buntsandstein
byzantisch->byzantinisch
Bügermeister->Bürgermeister
chinesiche->chinesische
chinesichen->chinesischen
chinesicher->chinesischer
Chirugie->Chirurgie
Chonik->Chronik
Chonist->Chronist
chonologisch->chronologisch
cirka->circa
cirka->zirka
dadruch->dadurch
daduch->dadurch
danaben->daneben
danch->danach
dannach->danach
daruf->darauf
darufhin->daraufhin
darüberhinaus->darüber hinaus
dastellt->darstellt
Debutalbum->Debütalbum
Definiton->Definition
definitv->definitiv
Defintion->Definition
deligiert->delegiert
denoch->dennoch
derem->deren
dessem->dessen
desshalb->deshalb
desweiteren->des Weiteren
desweitern->des Weiteren
detailiert->detailliert
detalliert->detailliert
dezeit->derzeit
Dezmber->Dezember
Differentation->Differentiation
Dikator->Diktator
Dikatur->Diktatur
Diphterie->Diphtherie
Diphtong->Diphthong
Dirgent->Dirigent
Discografie->Diskografie
Discographie->Diskographie
diskreminieren->diskriminieren
diskrimierend->diskriminierend
Diskrimierung->Diskriminierung
Diskusion->Diskussion
Disseration->Dissertation
Divison->Division
Divsion->Division
Diziplin->Disziplin
Dollmetscher->Dolmetscher
draufhin->daraufhin
draussen->draußen
Dreick->Dreieck
dreissig->dreißig
dreissiger->dreißiger
druch->durch
druchgeführt->durchgeführt
duch->durch
duchführen->durchführen
Duchführung->Durchführung
duchgeführt->durchgeführt
Duchschnitt->Durchschnitt
Durchschlagkraft->Durchschlagskraft
Durchsetztung->Durchsetzung
durchstossen->durchstoßen
Durschnitt->Durchschnitt
durschnittlich->durchschnittlich
durschnittliche->durchschnittliche
durschnittlichen->durchschnittlichen
ebefalls->ebenfalls
ebendso->ebenso
ebenfall->ebenfalls
ebenfals->ebenfalls
Editon->Edition
Edtion->Edition
Einflüße->Einflüsse
Einfuss->Einfluss
einge->einige
eingen->einigen
eingentlich->eigentlich
einger->einiger
einges->einiges
eingesetz->eingesetzt
eingesetzen->eingesetzten
einigemal->einige Mal
einklich->eigentlich
Einordung->Einordnung
einschliessen->einschließen
einschliesslich->einschließlich
einschliesst->einschließt
einzelen->einzelne
einzigste->einzige
einzigster->einziger
einzigstes->einziges
ekklektizistisch->eklektizistisch
ekstasisch->ekstatisch
elekrisch->elektrisch
elekronisch->elektronisch
eleminieren->eliminieren
eleminiert->eliminiert
emigiert->emigriert
emigiriert->emigriert
Emmigrant->Emigrant
Emmigration->Emigration
emmigriert->emigriert
emprisch->empirisch
Emsemble->Ensemble
endeckt->entdeckt
endeckte->entdeckte
Endeckung->Entdeckung
enfernt->entfernt
enfernte->entfernte
Enfernung->Entfernung
Enfernungen->Entfernungen
Engeneering->Engineering
englsich->englisch
engültig->endgültig
enhalten->enthalten
enhält->enthält
Enscheidung->Entscheidung
enstand->entstand
enstanden->entstanden
enstehen->entstehen
ensteht->entsteht
Enstehung->Entstehung
Entgeld->Entgelt
entgültig->endgültig
entprechend->entsprechend
entprechende->entsprechende
entprechender->entsprechender
entsant->entsandt
entscheidene->entscheidende
entscheident->entscheidend
entschloß->entschloss
entspechen->entsprechen
entsprechene->entsprechende
entsprechenen->entsprechenden
entstandt->entstand
enwickelt->entwickelt
enwickelte->entwickelte
enwickelten->entwickelten
enwickelter->entwickelter
enwickeltes->entwickeltes
Enwicklung->Entwicklung
Enwicklungen->Entwicklungen
ereichen->erreichen
ereicht->erreicht
ereichte->erreichte
Ereignise->Ereignisse
Ereignisen->Ereignissen
Ereigniss->Ereignis
Erfog->Erfolg
erfogreich->erfolgreich
erfolgslos->erfolglos
erfolgsversprechend->erfolgversprechend
Erfurcht->Ehrfurcht
Ergebniss->Ergebnis
Erkentnis->Erkenntnis
Erkentnisse->Erkenntnisse
erklährt->erklärt
ermöglich->ermöglichen
ermöglich->ermöglicht
erorbert->erobert
errinnern->erinnern
errinnert->erinnert
errreichen->erreichen
errreicht->erreicht
errreichte->erreichte
errrichtet->errichtet
ersmals->erstmals
erzeilt->erzielt
erzeilte->erzielte
erziehlen->erzielen
erziehlt->erzielt
estisch->estnisch
Ettikett->Etikett
Examplar->Exemplar
examplarisch->exemplarisch
exellent->exzellent
exisitiert->existiert
Existens->Existenz
Expediton->Expedition
experimentiell->experimentell
Extase->Ekstase
Fahradtour->Fahrradtour
Famile->Familie
Familen->Familien
familär->familiär
Famlie->Familie
Februrar->Februar
Feburar->Februar
Ferseh->Fernseh
Fersehen->Fernsehen
fertigestellt->fertiggestellt
festellen->feststellen
Festellung->Feststellung
fidet->findet
Fiedrich->Friedrich
Flagschiff->Flaggschiff
Flektion->Flexion
fliessen->fließen
fliesst->fließt
Fluß->Fluss
Flüße->Flüsse
fokusieren->fokussieren
fokusiert->fokussiert
Fokusierung->Fokussierung
Foschung->Forschung
Fotographie->Fotografie
Fotographie->Photographie
Fotographien->Fotografien
Fotographien->Photographien
fotographiert->fotografiert
frantösisch->französisch
franzöisch->französisch
französich->französisch
franösisch->französisch
Freidrich->Friedrich
Freimauerei->Freimaurerei
Fremsprache->Fremdsprache
Friedenschluss->Friedensschluss
Friedich->Friedrich
Frima->Firma
fröhnen->frönen
Frühjar->Frühjahr
frühre->frühere
fuer->für
Fuktion->Funktion
Funier->Furnier
Fuss->Fuß
Fussball->Fußball
Fussballer->Fußballer
Fussballerin->Fußballerin
Fussballspieler->Fußballspieler
Fussballspielerin->Fußballspielerin
Fusse->Fuße
Fußballstadium->Fußballstadion
füher->früher
füher->Führer
Füsse->Füße
Füst->Fürst
Gallerie->Galerie
Gallerien->Galerien
Gallionsfigur->Galionsfigur
garnicht->gar nicht
Garnision->Garnison
Gebahren->Gebaren
Gebaude->Gebäude
Gebaüde->Gebäude
gebornen->geborenen
Gebäde->Gebäude
gebähren->gebären
Gebäuder->Gebäude
Gedult->Geduld
Gedänk->Gedenk
Gefäss->Gefäß
gegebenfalls->gegebenenfalls
gegn->gegen
gegnüber->gegenüber
gehöhren->gehören
gehöhrt->gehört
gekührt->gekürt
gelanden->geladen
gemeinsammen->gemeinsamen
gemeisam->gemeinsam
gemäss->gemäß
genant->genannt
genanten->genannten
Genaral->General
geniessen->genießen
gennannt->genannt
gennant->genannt
Gerneral->General
gesammt->gesamt
gesammten->gesamten
gesammter->gesamter
Gesandschaft->Gesandtschaft
Geschichtschreiber->Geschichtsschreiber
Geschichtschreibung->Geschichtsschreibung
geschiet->geschieht
geschlosssen->geschlossen
gesetztlich->gesetzlich
Gesichtpunkt->Gesichtspunkt
gesponsort->gesponsert
gesteift->gestreift
gesäht->gesät
gewan->gewann
gewissermassen->gewissermaßen
gewunken->gewinkt
Ghandi->Gandhi
giebt->gibt
Giessen->Gießen
gleichbleiben->gleich bleiben
Gogle->Google
Goldmedaillie->Goldmedaille
Goldmedallie->Goldmedaille
Gothik->Gotik
gothisch->gotisch
Grabmahl->Grabmal
Gradwanderung->Gratwanderung
Graftschaft->Grafschaft
groesse->größe
groeße->größe
Grossaufgebot->Großaufgebot
Grossbritanien->Großbritannien
Grossbritannien->Großbritannien
Grossbrittanien->Großbritannien
Grossbrittannien->Großbritannien
grosse->große
grossem->großem
grossen->großen
grossenteils->großenteils
grosser->großer
grosses->großes
Grossteil->Großteil
grossteils->großteils
Großbritanien->Großbritannien
Großbrittanien->Großbritannien
Großbrittannien->Großbritannien
gröhlen->grölen
grösse->größe
grösser->größer
grössere->größere
grösserem->größerem
grösseren->größeren
grösserer->größerer
grösseres->größeres
grösste->größte
grössten->größten
grösstenteils->größtenteils
grösster->größter
grösstes->größtes
größenteils->größtenteils
Gründstück->Grundstück
Guerrillakampf->Guerillakampf
Guiness->Guinness
Guiseppe->Giuseppe
Güterloh->Gütersloh
haetten->hätten
hahnebüchen->hanebüchen
Handelschiff->Handelsschiff
Handies->Handys
hattte->hatte
hattte->hatten
Haupstadt->Hauptstadt
Haupstädte->Hauptstädte
haupsächlich->hauptsächlich
heiratetet->heiratet
heiss->heiß
heisser->heißer
heisst->heißt
herausragenste->herausragendste
Herausvorderung->Herausforderung
herraus->heraus
herrausragend->herausragend
Herrrschaft->Herrschaft
Herrrscher->Herrscher
Herschaft->Herrschaft
Herscher->Herrscher
hervoragen->hervorragen
hervoragend->hervorragend
hervorragenste->hervorragendste
Hierachie->Hierarchie
hierachisch->hierarchisch
hiess->hieß
hingegegen->hingegen
Hintegrund->Hintergrund
Hintergund->Hintergrund
hinterliess->hinterließ
hinterliessen->hinterließen
Hobbies->Hobbys
Hochaus->Hochhaus
Hochäuser->Hochhäuser
Hofffnung->Hoffnung
Hoffung->Hoffnung
Homage->Hommage
hunderste->hundertste
Häckchen->Häkchen
höherere->höhere
höherwertigere->höherwertige
höhren->höheren
höhren->hören
höhrt->hört
idendifiziert->identifiziert
idenfiziert->identifiziert
idiopatisch->idiopathisch
Imbus->Inbus
immernoch->immer noch
immmer->immer
Impendanz->Impedanz
inbesondere->insbesondere
inclusive->inklusive
Independet->Independent
indeß->indes
individiuell->individuell
Industie->Industrie
Industriealisierung->Industrialisierung
inerhalb->innerhalb
Infantrie->Infanterie
infiszieren->infizieren
Ingeneur->Ingenieur
ingesamt->insgesamt
Ingredenzien->Ingredienzien
Inhaltstoff->Inhaltsstoff
Initation->Imitation
Initation->Initiation
Initative->Initiative
Initator->Initiator
Initialie->Initiale
Initialien->Initialen
initieren->initiieren
initiert->initiiert
Inititative->Initiative
Iniziative->Initiative
Innenaustattung->Innenausstattung
innnerhalb->innerhalb
Insbruck->Innsbruck
insgeamt->insgesamt
insgesammt->insgesamt
Insitut->Institut
Insitution->Institution
instandgehalten->in Stand gehalten
instandgehalten->instand gehalten
instandgesetzt->in Stand gesetzt
instandgesetzt->instand gesetzt
instandhalten->in Stand halten
instandhalten->instand halten
instandsetzen->in Stand setzen
instandsetzen->instand setzen
instandzusetzen->in Stand zu setzen
instandzusetzen->instand zu setzen
Instituion->Institution
Instiut->Institut
Instiution->Institution
Instutition->Institution
inszinieren->inszenieren
Inszinierung->Inszenierung
integiert->integriert
intelektuell->intellektuell
intenational->international
intepretiert->interpretiert
Interese->Interesse
interesiert->interessiert
Intergration->Integration
intergriert->integriert
Internetpräsens->Internetpräsenz
interresiert->interessiert
Interresse->Interesse
interressiert->interessiert
Intiative->Initiative
intressiert->interessiert
Intrument->Instrument
Inverstor->Investor
inwischen->inzwischen
irgentwie->irgendwie
italenisch->italienisch
italiensch->italienisch
italiensich->italienisch
Jahhundert->Jahrhundert
Jahhunderte->Jahrhunderte
Jahhunderts->Jahrhunderts
Jahrhudert->Jahrhundert
Jahrhunder->Jahrhundert
Jahrundert->Jahrhundert
Jahrunderte->Jahrhunderte
Jahrunderts->Jahrhunderts
Jahrzent->Jahrzehnt
Jahrzente->Jahrzehnte
Jahundert->Jahrhundert
Jahunderte->Jahrhunderte
Jahunderts->Jahrhunderts
Janur->Januar
Jarh->Jahr
Jarhundert->Jahrhundert
Jarhunderte->Jahrhunderte
Jarhunderts->Jahrhunderts
jdoch->jedoch
jedch->jedoch
jeoch->jedoch
jeodch->jedoch
jeweil->jeweils
jeweis->jeweils
Jounalist->Journalist
Joyces->Joyce’
Jubiliäum->Jubiläum
Jungend->Jugend
Justitz->Justiz
Jägerbatallion->Jägerbataillon
Jäner->Jänner
Kabaret->Kabarett
Kaiserlautern->Kaiserslautern
Kandidad->Kandidat
Kanditat->Kandidat
Kappelle->Kapelle
Karierre->Karriere
Karrikaturist->Karikaturist
karrikieren->karikieren
Kasette->Kassette
kathegorisch->kategorisch
Kenntnise->Kenntnis
Kenntniss->Kenntnis
Kennzeichnug->Kennzeichnung
Kentnis->Kenntnis
Kentnisse->Kenntnisse
Kirchtum->Kirchturm
klassich->klassisch
klassiche->klassische
klassichen->klassischen
klassicher->klassischer
Klink->Klinik
km2->km²
kmh->km/h
Kofession->Konfession
Kollission->Kollision
Kollonade->Kolonnade
Komandant->Kommandant
Komandanten->Kommandanten
Komando->Kommando
Komandos->Kommandos
komerziell->kommerziell
Komissar->Kommissar
Komissariat->Kommissariat
komissarisch->kommissarisch
Komission->Kommission
komlett->komplett
Kommilitionen->Kommilitonen
Kommision->Kommission
Kommitee->Komitee
Kommittee->Komitee
kommmen->kommen
Kommunkation->Kommunikation
Kompentenz->Kompetenz
Konförderierte->Konföderierte
Konkurenz->Konkurrenz
konkurieren->konkurrieren
konkuriert->konkurriert
Konservationslexikon->Konversationslexikon
Kontak->Kontakt
konte->konnte
Kontigent->Kontingent
konventionnell->konventionell
korregieren->korrigieren
korregiert->korrigiert
Krankeit->Krankheit
Krankenaus->Krankenhaus
Kreuzug->Kreuzung
Kreuzug->Kreuzzug
Kriche->Kirche
Kriegschiff->Kriegsschiff
kummulieren->kumulieren
Kunsstoff->Kunststoff
Kunstaustellung->Kunstausstellung
Kunstoff->Kunststoff
Kunstoffe->Kunststoffe
Kurfüst->Kurfürst
kurzeitig->kurzzeitig
Könföderierte->Konföderierte
könglich->königlich
Köngreich->Königreich
Königsreich->Königreich
Königstum->Königtum
könnnen->können
Landesaustellung->Landesausstellung
Landesprache->Landessprache
Landwirschaft->Landwirtschaft
landwirschaftlich->landwirtschaftlich
langläufig->landläufig
Lapalie->Lappalie
Lassithi->Lasithi
lateinsch->lateinisch
lateinsche->lateinische
lateinschen->lateinischen
lateinscher->lateinischer
lateinsches->lateinisches
Lebenstil->Lebensstil
Lebenweise->Lebensweise
legänder->legendär
Leibzig->Leipzig
Leichathlet->Leichtathlet
Leichnahm->Leichnam
letze->letzte
letzem->letztem
letzen->letzten
letzendlich->letztendlich
letzer->letzter
letzere->letztere
letzerem->letzterem
letzeren->letzteren
letzerer->letzterer
letzeres->letzteres
letzes->letztes
letzlich->letztlich
letztenendes->letzten Endes
Lexikas->Lexika
Liason->Liaison
liess->ließ
liesse->ließe
liessen->ließen
ließt->er/sie/es liest; ließ; fließt
Lilliputaner->Liliputaner
literaisch->literarisch
literatisch->literarisch
lizensieren->lizenzieren
lizensiert->lizenziert
lizensierte->lizenzierte
lizensiertem->lizenziertem
lizensierten->lizenzierten
lizensierter->lizenzierter
lizensiertes->lizenziertes
Lizensierung->Lizenzierung
Louisana->Louisiana
Lousiana->Louisiana
Luwig->Ludwig
Lybien->Libyen
lybisch->libysch
lybische->libysche
lybischem->libyschem
lybischen->libyschen
lybischer->libyscher
lybisches->libysches
läd->lädt
läst->lässt
machmal->manchmal
Manhatan->Manhattan
Manhatta->Manhattan
Manhatten->Manhattan
Manhetten->Manhattan
Manmschaft->Mannschaft
Mannhattan->Manhattan
Mannschaf->Mannschaft
Mannschaftt->Mannschaft
Mannshcaft->Mannschaft
Mannöver->Manöver
Mansardach->Mansarddach
Mansardendach->Mansarddach
Manschaft->Mannschaft
Mansnchaften->Mannschaft
Manssarddach->Mansarddach
marrokanisch->marokkanisch
marrokkanisch->marokkanisch
Marrokko->Marokko
Marroko->Marokko
Marylin->meist Marilyn
Marytrium->Martyrium
Maschiene->Maschine
Maschienen->Maschinen
Mass->Maß
Massgabe->Maßgabe
Massgaben->Maßgaben
massgebend->maßgebend
massgebende->maßgebende
massgebendem->maßgebendem
massgebenden->maßgebenden
massgebender->maßgebender
massgebendes->maßgebendes
massgeblich->maßgeblich
massgebliche->maßgebliche
massgeblichem->maßgeblichem
massgeblichen->maßgeblichen
massgeblicher->maßgeblicher
massgebliches->maßgebliches
masslos->maßlos
masslose->maßlose
masslosen->maßlosen
massloser->maßloser
massloses->maßloses
Massnahme->Maßnahme
Massnahmen->Maßnahmen
Matraze->Matratze
Matritze->Matrix
Matritze->Matrize
Maximillian->meist Maximilian
Medailie->Medaille
Medaillie->Medaille
Medailliengewinner->Medaillengewinner
Medailliengewinnerin->Medaillengewinnerin
Medallie->Medaille
Medalliengewinner->Medaillengewinner
Medalliengewinnerin->Medaillengewinnerin
medizinsch->medizinisch
medizisch->medizinisch
medizische->medizinische
medizischem->medizinischem
medizischen->medizinischen
medizischer->medizinischer
medizisches->medizinisches
Meerespiegel->Meeresspiegel
Meeresspegel->Meeresspiegel
mehere->mehrere
meheren->mehreren
meherer->mehrerer
mehre->meist mehrere
mehren->gelegentlich mehreren
mehrer->häufig mehrerer
mehrer->mehrere
mehrerere->mehrere
mehrtätige->mehrtägige
meisst->meist
meistbesuchtesten->meistbesuchten
meits->meist
meißt->meist
meißten->meisten
meißtens->meistens
mengemässig->mengenmäßig
mengenmässig->mengenmäßig
Mensche->Menschen
Menscheit->Menschheit
Menschens->Menschen
Messystem->Messsystem
Metallegierung->Metalllegierung
Metereologe->Meteorologe
Metereologie->Meteorologie
metereologisch->meteorologisch
Meterologie->Meteorologie
meterologisch->meteorologisch
Mettal->Metall
Meßgerät->Messgerät
Meßgeräte->Messgeräte
Meßsystem->Messsystem
mhd->mittelhochdeutsch
Micheal->meist Michael
Miglied->Mitglied
Milionen->Millionen
Militärdikatur->Militärdiktatur
Millarde->Milliarde
Millarden->Milliarden
Millenium->Millennium
Millione->Millionen
Millitär->Militär
millitärisch->militärisch
Millon->Million
Millonen->Millionen
Miltitär->Militär
miltitärisch->militärisch
Miltär->Militär
miltärisch->militärisch
minimalste->minimale
minimalster->minimaler
minimalstes->minimales
Ministerpäsident->Ministerpräsident
Mitgleid->Mitglied
mitlerweile->mittlerweile
Mitlgiled->Mitglied
Mitlied->Mitglied
Mittelater->Mittelalter
mittelaterlich->mittelalterlich
mittelständige->mittelständische
mittelständigen->mittelständischen
mittelständiger->mittelständischer
mittelständiges->mittelständisches
Mitteralter->Mittelalter
mitteralterlich->mittelalterlich
Mitterand->Mitterrand
Mittglied->Mitglied
mittlerweilen->mittlerweile
Mittschnitt->Mitschnitt
mnachmal->manchmal
Mobiletelefon->Mobiltelefon
moeglich->möglich
moegliche->mögliche
moeglichen->möglichen
moeglicher->möglicher
moegliches->mögliches
mordern->modern
morderne->moderne
mordernen->modernen
morderner->moderner
mordernes->modernes
morgends->morgens
morgentlich->morgendlich
Museeum->Museum
mutmasslich->mutmaßlich
mutmassliche->mutmaßliche
mutmasslichem->mutmaßlichem
mutmasslichen->mutmaßlichen
mutmasslicher->mutmaßlicher
mutmassliches->mutmaßliches
muß->muss
mußte->musste
mußten->mussten
Märtyrium->Martyrium
mässig->mäßig
mässige->mäßige
mässigem->mäßigem
mässigen->mäßigen
mässiger->mäßiger
mässiges->mäßiges
möglicht->möglich
möglicht->möglichst
Nachkommens->Nachkommen
Nahaufname->Nahaufnahme
nahegelegenste->nächstgelegene
naheste->nächste
nahesten->nächsten
namenlich->namentlich
namenslos->namenlos
Namne->Namen
narzistisch->narzisstisch
Natiomnal->National
Nazionalsoz->Nationalsoz
nciht->nicht
Nervösität->Nervosität
nich->nicht
niedersächisch->niedersächsisch
niedersächsiche->niedersächsische
niedersächsichen->niedersächsischen
niedrieg->niedrig
Niesche->Nische
nihct->nicht
nix->nichts
nocheinmal->noch einmal
nordeutsch->norddeutsch
Nordeutschland->Norddeutschland
nordlich->nördlich
normanisch->normannisch
notwenig->notwendig
numehr->nunmehr
nähmlich->nämlich - besser ganz darauf verzichten
nördwestlich->nordwestlich
nördöstlich->nordöstlich
objekiv->objektiv
obrige->obige
obrigen->obigen
obriger->obiger
offizell->offiziell
Offizer->Offizier
offiziel->offiziell
offiziele->offizielle
offziell->offiziell
offzielle->offizielle
ofiziell->offiziell
Olympiamedaillie->Olympiamedaille
Olympiamedallie->Olympiamedaille
Omlett->Omelett
optimalste->optimale
optimalster->optimaler
optimalstes->optimales
Ordnug->Ordnung
Ordung->Ordnung
organisert->organisiert
Organistion->Organisation
Organsiation->Organisation
organsich->organisch
Organsisation->Organisation
Orgeon->Oregon
orginal->original
orginale->originale
orginalen->originalen
orginell->originell
orignal->original
orignell->originell
Orsteil->Ortsteil
Orsteile->Ortsteile
Ortteil->Ortsteil
ouml->Ö/ö
Overtüre->Ouvertüre
Packet->Paket
Palete->Palette
Paleten->Paletten
Pallete->Palette
Palleten->Paletten
Pallette->Palette
Palletten->Paletten
palästinesisch->palästinensisch
paralell->parallel
Parcour->Parcours
parralel->parallel
parrallel->parallel
patroullieren->patrouillieren
patroulliert->patrouilliert
Pavillion->Pavillon
Peleponnes->Peloponnes
Pepperoni->Peperoni
Perlmut->Perlmutt
persöhnlich->persönlich
Persönlichleit->Persönlichkeit
perönlich->persönlich
Philantrop->Philanthrop
Philipinen->Philippinen
Philipinisch->Philippinisch
philipinischer->philippinischer
Philippienen->Philippinen
Philisoph->Philosoph
Philisophie->Philosophie
philisophisch->philosophisch
Phillipinen->Philippinen
Philosopie->Philosophie
Philosph->Philosoph
Philosphie->Philosophie
philosphisch->philosophisch
Philsophie->Philosophie
philsophisch->philosophisch
photografiert->fotografiert
photografiert->photographiert
piktoresk->pittoresk
Planze->Pflanze
Planzen->Pflanzen
Politk->Politik
Politker->Politiker
politsch->politisch
politsche->politische
politschen->politischen
politscher->politischer
politsches->politisches
poltisch->politisch
portugiesich->portugiesisch
Positon->Position
postiv->positiv
prinzipell->prinzipiell
Prinzipen->Prinzipien
Priveleg->Privileg
priveligiert->privilegiert
Priviligien->Privilegien
priviligiert->privilegiert
Progrom->Pogrom
projezieren->projizieren
projeziert->projiziert
Prophezeihung->Prophezeiung
Provinzhaupstadt->Provinzhauptstadt
Prozeße->Prozesse
Psychatrie->Psychiatrie
pysikalisch->physikalisch
Päsident->Präsident
Quattrologie->Tetralogie
Ralley->Rallye
Ralleyfahrer->Rallyefahrer
rechlich->rechtlich
Rechtsprache->Rechtssprache
Rechtspruch->Rechtsspruch
Rechtssprechung->Rechtsprechung
Rechtstaat->Rechtsstaat
rechtstaatlich->rechtsstaatlich
rechtwinklich->rechtwinklig
rechtwinkling->rechtwinklig
rechzeitig->rechtzeitig
Reeling->Reling
Reflektion->Reflexion
regelmässig->regelmäßig
regelmässige->regelmäßige
regelmässigen->regelmäßigen
regelmässiger->regelmäßiger
regelmässiges->regelmäßiges
Reichtags->Reichstags
Relgion->Religion
relgiös->religiös
Religiösität->Religiosität
Religon->Religion
Religonen->Religionen
religös->religiös
religösen->religiösen
Relion->Religion
reliösen->religiösen
Remineszenz->Reminiszenz
Rendevous->Rendezvous
Rennaisance->Renaissance
Rennaissance->Renaissance
Renomee->Renommee
renomiert->renommiert
Renomme->Renommee
Reperatur->Reparatur
repäsentieren->repräsentieren
repäsentiert->repräsentiert
Resourcen->Ressourcen
Rhytmen->Rhythmen
rhytmisch->rhythmisch
rhytmische->rhythmische
Rhytmus->Rhythmus
Richtline->Richtlinie
Richung->Richtung
rigde->ridge
rihgt->right
Riskio->Risiko
Risko->Risiko
Rossevelt->Roosevelt
russich->russisch
russiche->russische
russichen->russischen
russicher->russischer
russsich->russisch
russsisch->russisch
russsische->russische
russsischen->russischen
Rythmen->Rhythmen
rythmisch->rhythmisch
rythmische->rhythmische
Rythmus->Rhythmus
Rückgrad->Rückgrat
Rückrad->Rückgrat
Rückrat->Rückgrat
S-Bahnstation->S-Bahn-Station
Sarkopharg->Sarkophag
sassen->saßen
satzungsgemäss->satzungsgemäß
schafte->schaffte
Schaupiel->Schauspiel
Scheiz->Schweiz
schillernste->schillerndste
schliessen->schließen
schliesslich->schließlich
schliesst->schließt
Schrifsteller->Schriftsteller
Schriftseller->Schriftsteller
schweizer->Schweizer
Seeman->Seemann
seemänisch->seemännisch
sehenwert->sehenswert
Sehenwürdigkeit->Sehenswürdigkeit
Sehenwürdigkeiten->Sehenswürdigkeiten
seperat->separat
seperate->separate
seperatem->separatem
seperaten->separaten
Seperation->Separation
Seperatist->Separatist
Septmber->September
Septmeber->September
Seriösität->Seriosität
Silbermedaillie->Silbermedaille
Silbermedallie->Silbermedaille
Siluette->Silhouette
sinvoll->sinnvoll
Situtation->Situation
Skagerak->Skagerrak
sodas->so dass
sodas->sodass
sodaß->so dass
sodaß->sodass
sogenante->sogenannte
sogenanten->sogenannten
sonder->sondern
Souveranität->Souveränität
Sowietunion->Sowjetunion
spezialiseren->spezialisieren
spezialisert->spezialisiert
speziel->speziell
sponsorte->sponserte
Spritualität->Spiritualität
sprituell->spirituell
Staatstreich->Staatsstreich
Stadbild->Stadtbild
Staddteil->Stadtteil
Stadteil->Stadtteil
Stadteile->Stadtteile
Stadteilen->Stadtteilen
Stadteils->Stadtteils
Standart->Standard
Standarts->Standards
Stehgreif->Stegreif
stellverteten->stellvertreten
Stellverteter->Stellvertreter
stiess->stieß
Stimmulation->Stimulation
Stoss->Stoß
stossen->stoßen
Stossfänger->Stoßfänger
Stossstange->Stoßstange
Strasse->Straße
strukur->struktur
Stömung->Strömung
stösst->stößt
subsummieren->subsumieren
subsummiert->subsumiert
sumieren->summieren
sumiert->summiert
svw->svw. bzw. so viel wie bzw. sprachverwandt
symetrisch->symmetrisch
symphatisiert->sympathisiert
Synomym->Synonym
Synomyn->Synonym
Syphon->Siphon
Sytem->System
Sytematik->Systematik
sytematisch->systematisch
sächisch->sächsisch
sächsich->sächsisch
sächsiche->sächsische
sächsichen->sächsischen
Taiwanese->Taiwaner
Taiwanesen->Taiwaner
tasächlich->tatsächlich
tatächlich->tatsächlich
Teakwondo->Taekwondo
teiweise->teilweise
Temparatur->Temperatur
tendentiell->tendenziell
Terasse->Terrasse
Terassen->Terrassen
Terrabyte->Terabyte
Tocher->Tochter
Tolleranz->Toleranz
tollerieren->tolerieren
tolleriert->toleriert
Tradion->Tradition
traditionel->traditionell
Traditon->Tradition
Tradtion->Tradition
Trainig->Training
Transskri->Transkript
Triologie->Trilogie
Triptichon->Triptychon
Triumpf->Triumph
trotzdessen->trotzdem
trozdem->trotzdem
Tryptichon->Triptychon
Tryptychon->Triptychon
Tunier->Turnier
Turismus->Tourismus
Turist->Tourist
U-Bahnnetz->U-Bahn-Netz
U-Bahnstation->U-Bahn-Station
U-Bahntunnel->U-Bahn-Tunnel
U-Bootkrieg->U-Boot-Krieg
umbennant->umbenannt
umbennen->umbenennen
umbennenen->umbenennen
umbennennen->umbenennen
Umbennennung->Umbenennung
Umbennenung->Umbenennung
Umbennung->Umbenennung
Umbennung->Umnennung
umd->um
umd->und
Umgangsprache->Umgangssprache
umgangsprachlich->umgangssprachlich
umgangsprachliche->umgangssprachliche
umgangsprachlicher->umgangssprachlicher
umgenannt->umbenannt
umittelbar->unmittelbar
umstrittend->umstritten
umzubennen->umzubenennen
umzubennen->umzunennen
Unabhängikeit->Unabhängigkeit
Unabhängkeit->Unabhängigkeit
unabhänig->unabhängig
Unabhänigkeit->Unabhängigkeit
unauthorisiert->unautorisiert
Unfang->Umfang
ungekehrt->umgekehrt
Univerität->Universität
Universiät->Universität
Universtität->Universität
Universtät->Universität
unsymetrisch->unsymmetrisch
unteranderem->unter anderem
Untergund->Untergrund
Untericht->Unterricht
unterichtet->unterrichtet
unteriridisch->unterirdisch
Unternehmes->Unternehmens
Unternehms->Unternehmens
unterstüzt->unterstützt
Unterstüzung->Unterstützung
Unversität->Universität
unwegbar->unwegsam
unwegbar->unwägbar
Urprung->Ursprung
urprünglich->ursprünglich
urspünglich->ursprünglich
Ursurpator->Usurpator
us-amerikanischen->amerikanischen
us-amerikanischen->US-amerikanischen
usprünglich->ursprünglich
variert->variiert
varrieren->variieren
Vehrkehr->Verkehr
Vekehr->Verkehr
venezuelanisch->venezolanisch
venizianisch->venezianisch
verabeitet->verarbeitet
Verabeitung->Verarbeitung
veraltert->veraltet
verantworlich->verantwortlich
Veranwtortung->Verantwortung
Verbauch->Verbrauch
verbeitet->verbreitet
Verbeitung->Verbreitung
verbreiteste->verbreitetste
verbreiteteste->verbreitetste
vereingt->vereinigt
vereiningt->vereinigt
vergleichweise->vergleichsweise
vergrössern->vergrößern
vergrössert->vergrößert
vergrösserte->vergrößerte
vergrösserten->vergrößerten
vergrösserter->vergrößerter
Vergrösserung->Vergrößerung
vergößert->vergrößert
Vergößerung->Vergrößerung
verhaeltnismaessig->verhältnismäßig
verheiratetet->verheiratet
verhältnismässig->verhältnismäßig
verkündetet->verkündet
verliess->verließ
verplichtet->verpflichtet
verschiedende->verschiedene
verschiedendste->verschiedenste
Verschleiss->Verschleiß
verschohnen->verschonen
verspühren->verspüren
verspührt->verspürt
Verständis->Verständnis
vertaglich->vertraglich
Verteidung->Verteidigung
Vertäge->Verträge
Verwaltungsitz->Verwaltungssitz
Verwandschaft->Verwandtschaft
verwandschaftlich->verwandtschaftlich
veröffendlicht->veröffentlicht
Veröffendlichung->Veröffentlichung
veröffentlich->veröffentlicht
Vetrag->Vertrag
vetraglich->vertraglich
vetraut->vertraut
Veträge->Verträge
vieleicht->vielleicht
vorallem->vor allem
vorallen->vor allem
Vorang->Vorrang
vorangig->vorrangig
Vorausetzung->Voraussetzung
Vorausetzungen->Voraussetzungen
vorausichtlich->voraussichtlich
Vorfahrens->Vorfahren
Vorgesetze->Vorgesetzte
vorkommene->vorkommende
Vormachtsstellung->Vormachtstellung
vorranging->vorrangig
vorraus->voraus
vorrüber->vorüber
wachesen->wachsen
Wachholder->Wacholder
Walfahrer->Wallfahrer
Walfahrt->Wallfahrt
Walfahrtskirche->Wallfahrtskirche
Walfahrtsort->Wallfahrtsort
Warheit->Wahrheit
warscheinlich->wahrscheinlich
Webblog->Weblog
Webpräsens->Webpräsenz
Wehrmutstropfen->Wermutstropfen
weiss->weiß
Weisswein->Weißwein
weiterere->weitere
weitereren->weiteren
weitesgehend->weitestgehend
Weltanschaung->Weltanschauung
Wepräsenz->Webpräsenz
wesendlich->wesentlich
wichig->wichtig
wichtigeste->wichtigste
Widerstandkämpfer->Widerstandskämpfer
widerum->wiederum
Wiedererichtung->Wiedererrichtung
Wiedersacher->Widersacher
wiedersetzen->widersetzen
wiederspiegeln->widerspiegeln
wiederspiegelt->widerspiegelt
wiederspiegelte->widerspiegelte
wiederspiegelten->widerspiegelten
wiedersprechen->widersprechen
wiedersprechend->widersprechend
wiedersprechende->widersprechende
Wiederspruch->Widerspruch
Wiedersprüche->Widersprüche
wiedersprüchlich->widersprüchlich
wiedersprüchliche->widersprüchliche
wiedersprüchlichen->widersprüchlichen
Wiederstand->Widerstand
Wiederstandskampf->Widerstandskampf
wiederstehen->widerstehen
wiederzuspiegeln->widerzuspiegeln
Wihelm->Wilhelm
Wikipeda->Wikipedia
Wikpedia->Wikipedia
wirtschaflich->wirtschaftlich
wissenschaflich->wissenschaftlich
wissenschafltich->wissenschaftlich
Wissentschaft->Wissenschaft
wissentschaftlich->wissenschaftlich
Wochende->Wochenende
woduch->wodurch
Wolfang->Wolfgang
wurd->wurde
währe->wäre
währendessen->währenddessen
wärend->während
Würtemberg->Württemberg
würtembergische->württembergische
zahreich->zahlreich
zeimlich->ziemlich
zeitgenösisch->zeitgenössisch
zeitgenössich->zeitgenössisch
zerissen->zerrissen
Ziffernblatt->Zifferblatt
Zohne->Zone
zuammen->zusammen
Zuammenhang->Zusammenhang
zueigen->zu eigen
zuende->zu Ende
zugrundeliegen->zu Grunde liegen
zugrundeliegen->zugrunde liegen
zugrundeliegt->zu Grunde liegt
zugrundeliegt->zugrunde liegt
zumindestens->zumindest
zunehmends->zunehmend
zurecht->zurecht
zurfolge->zufolge
zurfolge->zur Folge
zusamen->zusammen
Zusamenhang->Zusammenhang
zusammmen->zusammen
zusehens->zusehends
zustandegekommen->zu Stande gekommen
zustandegekommen->zustande gekommen
zustandekam->zu Stande kam
zustandekam->zustande kam
zustandekommt->zu Stande kommt
zustandekommt->zustande kommt
zustätzlich->zusätzlich
zusätlich->zusätzlich
Zweidrittel->zwei Drittel
Zweidrittel-Mehrheit->Zweidrittelmehrheit
Zweiliga->Zweitliga
Äusserung->Äußerung
Äusserungen->Äußerungen
Ökö->Öko
Östereich->Österreich
Österreisch->Österreich
Österrreich->Österreich
Überwachungstaat->Überwachungsstaat
änlich->ähnlich
äussere->äußere
äusseren->äußeren
äusserer->äußerer
äusseres->äußeres
äussern->äußern
äusserst->äußerst
äusserste->äußerste
äussersten->äußersten
äusserte->äußerte
äusserten->äußerten
öffenlich->öffentlich
östereichisch->österreichisch
österreichich->österreichisch
überarbeitetet->überarbeitet
überlegende->überlegene
überlegenden->überlegenen
überlicherweise->üblicherweise
ürsprünglich->ursprünglich
